"user_id";"name";"email";"password";"created_at";"updated_at";"last_login"
1;"Chad Cummings";"chad_cummings@mymail.com";"$2b$12$WOQqgkngrYX/d5NSLfqNdOf2bMpXgCX/a.JXrK3G3LqPnhNeV2CpW";"2023-11-01 16:56:40";"";""
2;"Nina Duran";"nina_duran@mymail.com";"$2b$12$51i06q9BrEW.UOQMJfwxVelTtaIHkY0h5UXX3wZ9fr4o1n7MNro5m";"2023-11-01 16:56:41";"2023-11-24 16:58:51";"2023-11-24 16:58:52"
3;"Kim Kent";"kim_kent@mymail.com";"$2b$12$54BO5.ASTbG.seWfQX1UQuggcs8EeFlR5l7SffnpHCynyAPTUtLD2";"2023-11-01 16:56:41";"2023-11-27 14:55:33";"2023-11-27 14:55:34"
4;"Alisha Blanchard";"alisha_blanchard@mymail.com";"$2b$12$ToTi64JtgfxDXIxYdlR.MOm.1nGoc5MpkTG2ptWhnjcmFTSOFBaNm";"2023-11-01 16:56:42";"2023-11-24 16:58:33";"2023-11-24 16:58:33"
6;"Monte Landry";"monte_landry@mymail.com";"$2b$12$gQsUrz2/hjybsHe5wodBhOwFGhDxMxo/0Zstd9f08I/Tjxs6TZwIu";"2023-11-01 16:56:42";"2023-11-24 16:58:41";"2023-11-24 16:58:41"
7;"Malinda Chavez";"malinda_chavez@mymail.com";"$2b$12$VZf3DlabfyMpBHYMPrEmV.GJvAasgKiOmSHl6nUDF4nCvGvSp3AQG";"2023-11-01 16:56:43";"2023-11-24 16:58:41";"2023-11-24 16:58:42"
8;"Lois Sharp";"lois_sharp@mymail.com";"$2b$12$Tn6MDek5BzzlBiFhS1k3tu3BrsSnLmDuQkwJ1ejzWsUvVETEBC0My";"2023-11-01 16:56:43";"2023-11-24 16:56:59";"2023-11-24 16:57:00"
9;"Ingrid Campbell";"ingrid_campbell@mymail.com";"$2b$12$YAbvl3.cuVBkLVxM9Cc6runkZrboFHNOJ1fpQt7PMdp1q.FylsGiy";"2023-11-01 16:56:44";"2023-11-24 16:55:48";"2023-11-24 16:55:49"
10;"Pedro Huang";"pedro_huang@mymail.com";"$2b$12$a9fmbCFCwfQkSEw6MMl7sOJvyHddLkse578wFM/Tzbd/E5AXUsQ3O";"2023-11-01 16:56:44";"2023-11-24 16:58:45";"2023-11-24 16:58:46"
11;"Wilson Merritt";"wilson_merritt@mymail.com";"$2b$12$NzffAGvjanU9QT5c6Rr2.u7D8UkD2.GMb.ENkxUclZ1TLen8a1GVm";"2023-11-01 16:56:44";"2023-11-24 16:57:25";"2023-11-24 16:57:25"
12;"Howard Shaffer";"howard_shaffer@mymail.com";"$2b$12$rIxuySjwfKlK4h.8KyoD9..iEofC7HR1rOdhNlBmRl4aEfcQ6.a0y";"2023-11-01 16:56:45";"2023-11-24 16:58:53";"2023-11-24 16:58:53"
13;"Hipolito Bauer";"hipolito_bauer@mymail.com";"$2b$12$HPrQ3btsarWjurV2E3H5vekrZhBv/l.urABCi6Mr598B39SWNEAdW";"2023-11-01 16:56:45";"2023-11-24 16:58:22";"2023-11-24 16:58:22"
14;"Janell Carrillo";"janell_carrillo@mymail.com";"$2b$12$zsmFpLYRdf1mMe9qC6To/OP5R1HPxL.vqu9BIhKcLmpj7SkVeKx8i";"2023-11-01 16:56:45";"2023-11-24 16:58:01";"2023-11-24 16:58:01"
15;"Ollie Burton";"ollie_burton@mymail.com";"$2b$12$aLIwU7t1gYkcpJ9ahlT1seZXS9NPUprv.3rQG3p7Sge2OCnksG0YK";"2023-11-01 16:56:46";"2023-11-24 16:57:21";"2023-11-24 16:57:21"
16;"Corrine Hurst";"corrine_hurst@mymail.com";"$2b$12$9vmpMQWsnGbooMbw1CY.8O7ZMtG3gqA9lBgwlbhubeqA20VlWrSbK";"2023-11-01 16:56:46";"2023-11-24 16:58:21";"2023-11-24 16:58:21"
17;"Rodrigo Boyle";"rodrigo_boyle@mymail.com";"$2b$12$0dCthdUxBbIQAtQLTZszOO6.Dycjo45mXxjh8FrLeRw.AJoL/9JP.";"2023-11-01 16:56:46";"2023-11-24 16:58:17";"2023-11-24 16:58:17"
18;"Lawanda Hays";"lawanda_hays@mymail.com";"$2b$12$3lUcUDeOgybV0yUyA0ZSL.926HkGJ9pqkg3hK/1MyvcvUiOD2oROW";"2023-11-01 16:56:47";"2023-11-24 16:58:52";"2023-11-24 16:58:53"
19;"Trinidad Gomez";"trinidad_gomez@mymail.com";"$2b$12$snlTwq0SMSU7Bs1DWlMcguKZyZn047RU634yz//a.bpJyPiEElVb.";"2023-11-01 16:56:47";"2023-11-24 16:57:43";"2023-11-24 16:57:43"
20;"Oscar Torres";"oscar_torres@mymail.com";"$2b$12$gwUDh30PTAid.voMKvT/Wu2TjLh0wYNXEkqXTxQgFUYdbHt/CHO3a";"2023-11-01 16:56:48";"2023-11-24 16:58:25";"2023-11-24 16:58:26"
21;"Mauro Lynch";"mauro_lynch@mymail.com";"$2b$12$mRhnvn0e/bTM3TUYUo6Gye6Dsoinws8fw6pWNeOH38U5dcOwlimQq";"2023-11-01 16:56:48";"2023-11-24 16:58:15";"2023-11-24 16:58:16"
22;"Victoria Friedman";"victoria_friedman@mymail.com";"$2b$12$fXIiM1uEbTIhj0TZ.Iufu.z634eXC1PsLa8Xho7TedZH9fpioJG7K";"2023-11-01 16:56:48";"2023-11-24 16:56:57";"2023-11-24 16:56:58"
23;"Yvette Lee";"yvette_lee@mymail.com";"$2b$12$91HdCC/qs/MlhfyCGeYkvOh1aGT/maua.Tl8jaMSojv2VjdbtjYSu";"2023-11-01 16:56:49";"2023-11-24 16:58:29";"2023-11-24 16:58:30"
24;"Vincent Mcgrath";"vincent_mcgrath@mymail.com";"$2b$12$geTz8M8IA.zaUFC5mm/ct.MLcE7GZ9rB8jFsgcQgDz1BYxUQHQWS2";"2023-11-01 16:56:49";"2023-11-24 16:57:47";"2023-11-24 16:57:47"
25;"Bryant Rios";"bryant_rios@mymail.com";"$2b$12$r4Cfu4gv9lgWtxTdXgNEp.wgbz4L35rGK0O1vjHXXBIXe7F3nW5H.";"2023-11-01 16:56:50";"2023-11-24 16:56:38";"2023-11-24 16:56:38"
26;"Kimberly Bird";"kimberly_bird@mymail.com";"$2b$12$XG5VcZ9ZfxZLdPF.R68/vOxvWzt72t/eOVvQAmTy0WwGvFwzp.Z0y";"2023-11-01 16:56:50";"2023-11-24 16:58:54";"2023-11-24 16:58:54"
27;"Edison Rowe";"edison_rowe@mymail.com";"$2b$12$aUoV1kQ0upbZhdxI/ENrIeqEj0cAs3eaI8CAAqZWcAWVDVlCZWTs.";"2023-11-01 16:56:50";"2023-11-24 16:58:38";"2023-11-24 16:58:39"
28;"Sol Rosales";"sol_rosales@mymail.com";"$2b$12$CkLIOF3aSxa.70UhrU.xjOlDgTJceakZf1nbLV0K4Txc0URM7DlsC";"2023-11-01 16:56:51";"2023-11-24 16:58:51";"2023-11-24 16:58:51"
29;"Pierre Mendez";"pierre_mendez@mymail.com";"$2b$12$9ynNmHukZcJd/AaKC9M5MOIqDdmKCBtkIdo9CQ4cSKw0vcwPZGLQG";"2023-11-01 16:56:51";"2023-11-24 16:55:42";"2023-11-24 16:55:42"
30;"Mallory Morse";"mallory_morse@mymail.com";"$2b$12$g1IkeYzMvHTZSs1/oSEGJO6yzRxXsNxWy6gpt0rvw5BVipN4u.u.W";"2023-11-01 16:56:52";"2023-11-24 16:57:50";"2023-11-24 16:57:51"
31;"Ted Franklin";"ted_franklin@mymail.com";"$2b$12$axiZyCvFF6VLZu5E/eDhkewlgHbPzcT5HzYll3W7kEMYIW18aPrz2";"2023-11-01 16:56:52";"2023-11-24 16:58:16";"2023-11-24 16:58:17"
32;"Lesley Holt";"lesley_holt@mymail.com";"$2b$12$oNLEdHylYNaftM5iiMdHtuc4yORCLMQIi9muHiC6vnXecaVAFO4Oe";"2023-11-01 16:56:52";"2023-11-24 16:58:38";"2023-11-24 16:58:38"
33;"Andrea English";"andrea_english@mymail.com";"$2b$12$C1sT.SlX5vSmrbGlNkDr6eR1ujPT5/sl8Uq7kXwX.uwmV6XZRQcHS";"2023-11-01 16:56:53";"2023-11-24 16:55:41";"2023-11-24 16:55:41"
34;"Gregory Humphrey";"gregory_humphrey@mymail.com";"$2b$12$w//fh7xHLTJAnUzwnCKYiOQSK3dtCXr5PX2.bp4GK2NceEg0oU/pC";"2023-11-01 16:56:53";"2023-11-24 16:58:18";"2023-11-24 16:58:18"
35;"Milton Moon";"milton_moon@mymail.com";"$2b$12$F3XaTA/WTTvpyPnKl77Mt.znGiYjPPAdnAQDWStpQ9RB5JRIdJkTa";"2023-11-01 16:56:54";"2023-11-24 16:58:49";"2023-11-24 16:58:49"
36;"Rudolph Nash";"rudolph_nash@mymail.com";"$2b$12$u9zWZQpa3OR4DKJnVeuSUeuMXH/SO2eoSSzHE89b/1S6xQHbhBgdS";"2023-11-01 16:56:54";"2023-11-24 16:58:13";"2023-11-24 16:58:14"
37;"Etta Dawson";"etta_dawson@mymail.com";"$2b$12$DTVmn/MjUmLkQSUnFIxEUO1bQt.HMsvdX/XHZw16qLoJqwajcaPmi";"2023-11-01 16:56:54";"2023-11-24 16:58:46";"2023-11-24 16:58:46"
38;"Dannie Mcpherson";"dannie_mcpherson@mymail.com";"$2b$12$EElSpsIiu7uxbIqMdoYSreS4.Yfa7DaNrwuBXTK0dqlfKWYMbmaVa";"2023-11-01 16:56:55";"2023-11-24 16:58:49";"2023-11-24 16:58:50"
39;"Alta Perry";"alta_perry@mymail.com";"$2b$12$j3XSz/SQoMpqufDHhDYgFeqnkSk4HaVoi0/51KE6oM8Sxsf.VtbKm";"2023-11-01 16:56:55";"2023-11-24 16:58:35";"2023-11-24 16:58:35"
40;"Lorrie Maldonado";"lorrie_maldonado@mymail.com";"$2b$12$7ePVbuBTg5ofAIXsJfYqiOWEUlwDe2iUD1ij2.QHC5N0XPEzGTq8e";"2023-11-01 16:56:56";"2023-11-24 16:56:46";"2023-11-24 16:56:46"
41;"Alice Thompson";"alice_thompson@mymail.com";"$2b$12$qBL4/UgkiFqs8Ioe/yP.Veid1mbZbqiQH./Or8LCSfv548DoGcnpe";"2023-11-01 16:56:56";"2023-11-24 16:58:39";"2023-11-24 16:58:39"
42;"Delbert Hahn";"delbert_hahn@mymail.com";"$2b$12$iBGqcJCBsfx.KsljEFiX4OlDZ/7MDBvkPofH4ThEr80VE0bkjAuIa";"2023-11-01 16:56:56";"2023-11-24 16:58:42";"2023-11-24 16:58:43"
43;"Tobias Burch";"tobias_burch@mymail.com";"$2b$12$BlEcX2brHngn/jjgI5RNKeNdEMeLxC02W/dyVSNdTiAT60ZpQGydS";"2023-11-01 16:56:57";"2023-11-24 16:58:40";"2023-11-24 16:58:40"
44;"Luella Garza";"luella_garza@mymail.com";"$2b$12$GF/7USDRCobOrxOXGJID7.Pgn2AoasQ1CGgpqlKFZtnxPQNmsaqhC";"2023-11-01 16:56:57";"2023-11-24 16:58:33";"2023-11-24 16:58:34"
45;"Jordan Davidson";"jordan_davidson@mymail.com";"$2b$12$COtNkrCUpQByVIs37.R1JuqmyLEgwn6goYD09UsKgSfxGysE1AkTO";"2023-11-01 16:56:58";"2023-11-24 16:58:39";"2023-11-24 16:58:40"
46;"Matthew Hernandez";"matthew_hernandez@mymail.com";"$2b$12$dTCCMHuTNOCI5gUx/L4LY.VDPyILM91IpgHm7jOhmR73weyExGYSm";"2023-11-01 16:56:58";"2023-11-24 16:58:21";"2023-11-24 16:58:22"
47;"Jose Herrera";"jose_herrera@mymail.com";"$2b$12$qulhGOsmR3ttazOJh2iibeABa5B/MSz2U2OrioOpvwaTTLKWE1IpO";"2023-11-01 16:56:58";"2023-11-24 16:58:22";"2023-11-24 16:58:23"
48;"Alton Orr";"alton_orr@mymail.com";"$2b$12$RqVlScFCklVnOX.tknHcPOJe6/Z/bmxbIQ4XGyx3bGIDLb3ZWRtu.";"2023-11-01 16:56:59";"2023-11-24 16:58:50";"2023-11-24 16:58:50"
49;"Joann Walsh";"joann_walsh@mymail.com";"$2b$12$GZA0K/8PKRn600zbluRZO.xAx0IsGRDawgubmDX2U8.GUjPxlFry.";"2023-11-01 16:56:59";"2023-11-24 16:58:24";"2023-11-24 16:58:24"
50;"Rex Vaughn";"rex_vaughn@mymail.com";"$2b$12$jtR.kGo2KeeivnmcWvVaTOXEuhLr1vQODXCtEzlYGtivIJAxk8aDm";"2023-11-01 16:57:00";"2023-11-24 16:58:50";"2023-11-24 16:58:51"
51;"Tuan Walters";"tuan_walters@mymail.com";"$2b$12$s9UgCDDaQg2BoDwLGG4qE.Ru7.m/3Bql/idSK5Nfnbuinc1VPBiP2";"2023-11-01 16:57:00";"2023-11-24 16:58:34";"2023-11-24 16:58:35"
52;"Blaine Harper";"blaine_harper@mymail.com";"$2b$12$imtYv7yHYKL9oW/uUoO8/e7cIiXuRQJtnXIU5ET9Carv8L9e06acq";"2023-11-01 16:57:01";"2023-11-24 16:57:35";"2023-11-24 16:57:36"
53;"Minh Ortega";"minh_ortega@mymail.com";"$2b$12$zMEl0jEvPo4lDdq.GvgT4.b7fzDbHI9pfW6/t5ns9Jqg/sMEJv522";"2023-11-01 16:57:01";"2023-11-24 16:58:44";"2023-11-24 16:58:44"
54;"Wilford Howard";"wilford_howard@mymail.com";"$2b$12$MB2Np55BSb1wplfJpPbvPOiiEj4..ZPHdANzPEYT.W9O8GiGSZy2W";"2023-11-01 16:57:01";"2023-11-24 16:58:47";"2023-11-24 16:58:48"
55;"Laurel Chambers";"laurel_chambers@mymail.com";"$2b$12$a2IdyLSTkv6nDdtZwrGEGukvPpM9HvQGYvV6LAvAayQYp8ThNWYo6";"2023-11-01 16:57:02";"2023-11-24 16:58:28";"2023-11-24 16:58:29"
56;"Leandro Gentry";"leandro_gentry@mymail.com";"$2b$12$S6epGEic3cBC.gCvmCqEFeOQckACdxKISm/Bp/osKib2PP/Qjg3LO";"2023-11-01 16:57:02";"2023-11-24 16:57:55";"2023-11-24 16:57:55"
57;"Bernadette Valenzuela";"bernadette_valenzuela@mymail.com";"$2b$12$IWbIGBZMnfnf7kU6IIJGbOI.c.Ns8H4ERg9pzi55qvCGEN7WxWKHq";"2023-11-01 16:57:03";"2023-11-24 16:58:44";"2023-11-24 16:58:45"
58;"Kathrine Ingram";"kathrine_ingram@mymail.com";"$2b$12$4gpv8rk1tElAsOkFfEQwwOW5i6qAo7BIwLjLnBhStmwe7sP7OUaSS";"2023-11-01 16:57:03";"2023-11-24 16:58:54";"2023-11-24 16:58:55"
59;"Stacy Levy";"stacy_levy@mymail.com";"$2b$12$HNB9/G/87jvviI..dI6KFuk90hGFWsPRcnKvh98tFq6sk7jdQcy9y";"2023-11-01 16:57:03";"2023-11-24 16:58:43";"2023-11-24 16:58:43"
60;"Dave Avila";"dave_avila@mymail.com";"$2b$12$NJENBeLInnCANMdZRTWgCeL1/B3aGVkY2V1HvPUBOEQJZfGjotHpS";"2023-11-01 16:57:04";"2023-11-24 16:58:24";"2023-11-24 16:58:25"
61;"Ezra Sandoval";"ezra_sandoval@mymail.com";"$2b$12$ewx.q4GV3.6w6ktR0L0Og./xGKGgOu.tUZQsVh/LhmRH23xgFUp2.";"2023-11-01 16:57:04";"2023-11-24 16:58:19";"2023-11-24 16:58:19"
62;"Benny Peterson";"benny_peterson@mymail.com";"$2b$12$WfHJAyOKlEnXCgEO46BcOuy7WinlcoU1TYPRHqVeUIfVnUVIRBxkq";"2023-11-01 16:57:05";"2023-11-24 16:58:47";"2023-11-24 16:58:47"
63;"Althea Brown";"althea_brown@mymail.com";"$2b$12$tnU5f7enY1T6NdHdhUAx/e0D8mBeHV70.jLg0/LLnbCg7egzBsJhW";"2023-11-01 16:57:05";"2023-11-24 16:58:52";"2023-11-24 16:58:52"
64;"Arlene Leblanc";"arlene_leblanc@mymail.com";"$2b$12$GFCCYY0N8tC.oMiLKQVHF.HWoGRnpsjkwoZL/NX/KAFcWn.hKa2yK";"2023-11-01 16:57:05";"2023-11-24 16:58:36";"2023-11-24 16:58:37"
65;"Shari Rodriguez";"shari_rodriguez@mymail.com";"$2b$12$dIMoWKyL56dlUKKqIgmQeeq61N/NUH.mbmGwW3gkUcgtY3yZDg68K";"2023-11-01 16:57:06";"2023-11-24 16:58:10";"2023-11-24 16:58:10"
66;"Columbus Hayes";"columbus_hayes@mymail.com";"$2b$12$RkXks10R0yogCDvlMesdbOEFi7g6q7RTnVP4h.OMrNLcsuq.JtG/K";"2023-11-01 16:57:06";"2023-11-24 16:58:10";"2023-11-24 16:58:11"
67;"Dolores Browning";"dolores_browning@mymail.com";"$2b$12$fFNRRQ8FmmC4/DGWXv4tD.fWj8xaGvR6iy9AfqwhiJlXmqUc2wb8C";"2023-11-01 16:57:07";"2023-11-24 16:58:17";"2023-11-24 16:58:18"
68;"Hosea Stewart";"hosea_stewart@mymail.com";"$2b$12$jAfHCmYLQAb.DUG1tyLCout5fqijDz8R449kSpQWSdbZIH/ftUTmC";"2023-11-01 16:57:07";"2023-11-24 16:58:19";"2023-11-24 16:58:20"
69;"Heriberto Johnson";"heriberto_johnson@mymail.com";"$2b$12$E.SQpe2RAsnW8dO2D0wfbO2oocanLW437RBq4tBnw0ZnJVBv/kQ8.";"2023-11-01 16:57:07";"2023-11-24 16:58:00";"2023-11-24 16:58:01"
70;"Deann Meza";"deann_meza@mymail.com";"$2b$12$ITuXpZuDzk9wkBKW3wCFMOdm66HAVA8wuN3o3WZC640qlPVILiKpy";"2023-11-01 16:57:08";"2023-11-24 16:58:37";"2023-11-24 16:58:37"
71;"Willian Le";"willian_le@mymail.com";"$2b$12$ZebpkVPjufCzC00rqSEl3uhnGTnYFQYxEJSWSaVJp0rpupmgZ7Qpq";"2023-11-01 16:57:08";"2023-11-24 16:57:53";"2023-11-24 16:57:53"
72;"Garth Holden";"garth_holden@mymail.com";"$2b$12$PIjdO5PRbitfD9g1C6p85ekkO5sxbQf89gTMPBCoQCPrFYdWPRUWW";"2023-11-01 16:57:09";"2023-11-24 13:46:18";"2023-11-24 13:46:19"
73;"Sondra Blackburn";"sondra_blackburn@mymail.com";"$2b$12$.SMH6Q5814QHhwl1CaYDWu.DMnGTXFGsvlmjzilp2ljgR8a4obzFK";"2023-11-01 16:57:09";"2023-11-24 16:58:25";"2023-11-24 16:58:25"
74;"Catherine Bailey";"catherine_bailey@mymail.com";"$2b$12$HnqSXX5nYSwmESyp5ieXw.TpRn.IE8OMCPb9T96VIp9Xz5nG.iBtG";"2023-11-01 16:57:09";"2023-11-24 16:58:48";"2023-11-24 16:58:48"
75;"Junior Granada";"junior_granada@mymail.com";"$2b$12$K4lQ.i7dyYKTWy7Evq5rzul5tJT5MtWMVY9uDYuUVS274vnTYwlOm";"2023-11-06 12:44:26";"";""
79;"Miriam Anauser Gold";"miriam_anauser_gold@mymail.com";"$2b$12$QG0OOo1/kP76P15G8TXI.OV9lnfnfgdGr6hOfJUmTplwt0j4HEKwO";"2023-11-06 12:51:34";"2023-11-06 12:52:44";""
82;"Chito";"chito_vera@mymail.com";"$2b$12$hGxK4PxgFr4/gp4h.UORhO5O6QaGxlPcIJogfrMLtV7a68100A8Oq";"2023-11-07 09:53:15";"2023-11-07 09:55:24";""
83;"Vera Goldberg";"vera_goldberg@mymail.com";"$2b$12$LwkkldXqRAb2u78WG4/eGO1uTdaCXcYsQ4lgKrKHgzI1MQexZWfUy";"2023-11-08 10:12:29";"2023-11-23 16:50:54";"2023-11-23 16:50:54"
84;"Toni Erdmann";"toni_erdmann@mymail.com";"$2b$12$3Jkldu/gDoBzsAxCuDgoQOxm7QG/K.Jl4EzW2VS9BJSLJJxsmU6Ou";"2023-11-08 10:14:37";"";""
86;"Eva Garner";"eva_gardner@mymail.com";"$2b$12$FmMupBovScobz4khJGdlOuQt20mmALpZaehEL75vsgQkSVr87knnS";"2023-11-08 11:53:09";"";""
87;"Toby Hill";"toby_hill@mymail.com";"$2b$12$AHfM8jAYE.n8SNvQ9COh5OsoSfV31aaOWOTcoOjZXKKxH.HkLIcSi";"2023-11-08 12:00:19";"";""
88;"Barack Obama";"barack_Obama@mymail.com";"$2b$12$sC41Ac.HAQwYL0/ZiNbqO.IiA9Z.q3QnFZXY37cYM49w4wQJOEf4S";"2023-11-08 12:20:11";"2023-11-08 12:40:24";""
89;"Trish Baker";"trish_baker@mymail.com";"$2b$12$PV2bL6C.WlYcyup/KR9kNOwxLL7bzRJWWGED90OFqLGS8MP6xP/FK";"2023-11-08 18:12:45";"";""
109;"Bloated Joe";"bloated_joe@mymail.com";"$2b$12$GDVF4aj9ymk/7nCZyBSTdeOCYRQW7WY9pJ7rx0D.DM8twgTPi3SsS";"2023-11-10 11:44:07";"2023-11-10 11:58:46";""
