,user,email,password
0,Chad Cummings,chad_cummings@mymail.com,6NDP0pm8vQ
1,Nina Duran,nina_duran@mymail.com,MVNeFbxDBY
2,Kim Kent,kim_kent@mymail.com,Y13HKB5RPn
3,Alisha Blanchard,alisha_blanchard@mymail.com,RwLewiaexe
4,Carolyn Hobbs,carolyn_hobbs@mymail.com,Ujvq3iNivl
5,Monte Landry,monte_landry@mymail.com,7zjGVWtkGk
6,Malinda Chavez,malinda_chavez@mymail.com,zFwIqqMXtR
7,Lois Sharp,lois_sharp@mymail.com,OGSdGzp9VB
8,Ingrid Campbell,ingrid_campbell@mymail.com,fF0mia0rkB
9,Pedro Huang,pedro_huang@mymail.com,tsOxiOYRmK
10,Wilson Merritt,wilson_merritt@mymail.com,eT1sDU4IEP
11,Howard Shaffer,howard_shaffer@mymail.com,jMV98ldC9Z
12,Hipolito Bauer,hipolito_bauer@mymail.com,HFgxojmAnp
13,Janell Carrillo,janell_carrillo@mymail.com,CfkDtNIOWk
14,Ollie Burton,ollie_burton@mymail.com,FiNVvBKzZD
15,Corrine Hurst,corrine_hurst@mymail.com,Npgd50BH9C
16,Rodrigo Boyle,rodrigo_boyle@mymail.com,5jvBpSJ4M3
17,Lawanda Hays,lawanda_hays@mymail.com,wN1msxpjWs
18,Trinidad Gomez,trinidad_gomez@mymail.com,ZP4KMXCx9g
19,Oscar Torres,oscar_torres@mymail.com,A6mMRtKgm4
20,Mauro Lynch,mauro_lynch@mymail.com,C2SBf8M4dM
21,Victoria Friedman,victoria_friedman@mymail.com,qT5O8q9ALD
22,Yvette Lee,yvette_lee@mymail.com,Bas6ELiSJN
23,Vincent Mcgrath,vincent_mcgrath@mymail.com,KexBj1NwHZ
24,Bryant Rios,bryant_rios@mymail.com,T3FcJn4FR0
25,Kimberly Bird,kimberly_bird@mymail.com,Yh6FxoLoXQ
26,Edison Rowe,edison_rowe@mymail.com,6EWso5JP3f
27,Sol Rosales,sol_rosales@mymail.com,4xzXi6HRUR
28,Pierre Mendez,pierre_mendez@mymail.com,ekRwccQ1zx
29,Mallory Morse,mallory_morse@mymail.com,HQlwJO2uuG
30,Ted Franklin,ted_franklin@mymail.com,MbVHuXSq5R
31,Lesley Holt,lesley_holt@mymail.com,kmWWQy0z5M
32,Andrea English,andrea_english@mymail.com,JKREGyywOk
33,Gregory Humphrey,gregory_humphrey@mymail.com,Cwr2IbenLw
34,Milton Moon,milton_moon@mymail.com,zObM6QkiFw
35,Rudolph Nash,rudolph_nash@mymail.com,6GfFqS7dMA
36,Etta Dawson,etta_dawson@mymail.com,GWQCgGRhyS
37,Dannie Mcpherson,dannie_mcpherson@mymail.com,R7RvTdcnS5
38,Alta Perry,alta_perry@mymail.com,b0QwPx3mQY
39,Lorrie Maldonado,lorrie_maldonado@mymail.com,ThMt7eK1pk
40,Alice Thompson,alice_thompson@mymail.com,s2P8nZTExp
41,Delbert Hahn,delbert_hahn@mymail.com,rWWU3U4Y4U
42,Tobias Burch,tobias_burch@mymail.com,HmsdOvwkuU
43,Luella Garza,luella_garza@mymail.com,mNjMxRha1I
44,Jordan Davidson,jordan_davidson@mymail.com,DW1WfnqVFY
45,Matthew Hernandez,matthew_hernandez@mymail.com,2UpuhHPLRv
46,Jose Herrera,jose_herrera@mymail.com,XwrCF3NbMX
47,Alton Orr,alton_orr@mymail.com,GCDQCBvbU6
48,Joann Walsh,joann_walsh@mymail.com,j4qKVaP32b
49,Rex Vaughn,rex_vaughn@mymail.com,6IxpKplKpl
50,Tuan Walters,tuan_walters@mymail.com,NrMmWgpoc2
51,Blaine Harper,blaine_harper@mymail.com,RoEwAvYb5F
52,Minh Ortega,minh_ortega@mymail.com,BlF6UV5IqX
53,Wilford Howard,wilford_howard@mymail.com,4GHHlroddv
54,Laurel Chambers,laurel_chambers@mymail.com,PGLrozsK8A
55,Leandro Gentry,leandro_gentry@mymail.com,rWwnZZGRvl
56,Bernadette Valenzuela,bernadette_valenzuela@mymail.com,93TQggirFw
57,Kathrine Ingram,kathrine_ingram@mymail.com,Tr47ot3l1X
58,Stacy Levy,stacy_levy@mymail.com,cqCmdCQBQn
59,Dave Avila,dave_avila@mymail.com,TWCOlOJcSQ
60,Ezra Sandoval,ezra_sandoval@mymail.com,eI3mWWqc3n
61,Benny Peterson,benny_peterson@mymail.com,mvMo5559Fd
62,Althea Brown,althea_brown@mymail.com,y36bYUmtyU
63,Arlene Leblanc,arlene_leblanc@mymail.com,ncSLGxzfzM
64,Shari Rodriguez,shari_rodriguez@mymail.com,kWsTTb7oS4
65,Columbus Hayes,columbus_hayes@mymail.com,f89cdE3jJt
66,Dolores Browning,dolores_browning@mymail.com,3HXaNoBzk1
67,Hosea Stewart,hosea_stewart@mymail.com,qUjL7TDi65
68,Heriberto Johnson,heriberto_johnson@mymail.com,YbEOABWy6N
69,Deann Meza,deann_meza@mymail.com,ILISJHEWN3
70,Willian Le,willian_le@mymail.com,NbDeoTfsPm
71,Garth Holden,garth_holden@mymail.com,EsdQB8OFA4
72,Sondra Blackburn,sondra_blackburn@mymail.com,G02vSiYNGx
73,Catherine Bailey,catherine_bailey@mymail.com,V5cgUXZmMR
